City_ID,City,Country,Lat,Lng,Max Temp,Humidity,Cloudiness,Wind Speed,Current Description
0,Jerez,GT,14.1,-89.75,81.05,47,0,3.44,clear sky
1,Saldanha,ZA,-33.0117,17.9442,59.05,80,19,13.33,few clouds
2,Norman Wells,CA,65.282,-126.8329,-34.56,67,40,2.3,scattered clouds
3,Butaritari,KI,3.0707,172.7902,81.97,78,62,9.57,light rain
4,Den Helder,NL,52.9599,4.7593,51.78,95,90,15.01,overcast clouds
5,Thompson,CA,55.7435,-97.8558,14.16,85,90,6.91,light snow
6,Fort Morgan,US,40.2503,-103.8,53.82,27,1,4.61,haze
7,Ushuaia,AR,-54.8,-68.3,51.46,58,40,26.46,scattered clouds
8,Madison,US,34.7334,-86.5667,60.15,62,1,3.0,clear sky
9,Boralday,KZ,43.3578,76.8594,30.06,93,90,4.47,mist
10,Lashio,MM,22.9333,97.75,50.83,98,5,1.16,clear sky
11,East London,ZA,-33.0153,27.9116,67.21,79,91,11.23,overcast clouds
12,Mataura,NZ,-46.1927,168.8643,66.47,45,94,9.66,overcast clouds
13,Tsabong,BW,-26.0217,22.401,74.16,53,1,10.56,clear sky
14,Tianpeng,CN,30.9866,103.9393,48.67,74,100,0.98,overcast clouds
15,Arraial Do Cabo,BR,-22.9661,-42.0278,78.76,83,40,11.5,scattered clouds
16,Sao Joao Da Barra,BR,-21.6403,-41.0511,78.89,88,98,20.24,overcast clouds
17,Parrita,CR,9.5201,-84.3225,85.77,85,93,2.3,overcast clouds
18,Atuona,PF,-9.8,-139.0333,79.12,70,8,17.87,clear sky
19,Mar Del Plata,AR,-38.0023,-57.5575,69.1,88,90,1.01,overcast clouds
20,Grindavik,IS,63.8424,-22.4338,37.87,81,75,13.8,heavy intensity rain
21,Bathsheba,BB,13.2167,-59.5167,81.21,74,40,19.57,scattered clouds
22,Tuktoyaktuk,CA,69.4541,-133.0374,-18.4,76,75,5.75,light snow
23,Severo-Kurilsk,RU,50.6789,156.125,28.65,61,87,25.41,overcast clouds
24,Cabo San Lucas,MX,22.8909,-109.9124,82.51,57,1,10.36,clear sky
25,Puri,IN,19.8,85.85,61.32,62,100,6.04,overcast clouds
26,Aliwal North,ZA,-30.6937,26.7114,63.5,69,27,2.26,scattered clouds
27,Kuytun,RU,54.3419,101.5036,-1.37,90,100,8.55,overcast clouds
28,Rikitea,PF,-23.1203,-134.9692,78.37,72,5,4.9,clear sky
29,Tanete,ID,-3.9443,119.7848,81.36,83,99,1.66,overcast clouds
30,Clyde River,CA,70.4692,-68.5914,-21.77,76,1,3.44,clear sky
31,Iquique,CL,-20.2208,-70.1431,66.24,85,76,6.06,broken clouds
32,Puerto Ayora,EC,-0.7393,-90.3518,69.55,92,80,3.0,broken clouds
33,Esso,RU,55.9333,158.7,13.73,94,99,5.77,overcast clouds
34,Dikson,RU,73.5069,80.5464,-23.15,100,53,6.4,broken clouds
35,Rocha,UY,-34.4833,-54.3333,63.39,95,66,6.55,broken clouds
36,Tasiilaq,GL,65.6145,-37.6368,28.56,69,100,7.05,overcast clouds
37,Vaini,TO,-21.2,-175.2,84.36,84,40,10.36,scattered clouds
38,Castro,BR,-24.7911,-50.0119,65.97,99,100,5.44,overcast clouds
39,Avarua,CK,-21.2078,-159.775,82.45,83,89,10.36,overcast clouds
40,Khatanga,RU,71.9667,102.5,-5.06,88,100,5.06,overcast clouds
41,Hobart,AU,-42.8794,147.3294,71.11,65,20,1.01,few clouds
42,Manicore,BR,-5.8092,-61.3003,75.61,95,79,2.35,broken clouds
43,Mgachi,RU,51.05,142.2667,11.71,71,87,6.98,overcast clouds
44,Chokurdakh,RU,70.6333,147.9167,-17.64,95,100,7.96,overcast clouds
45,Salalah,OM,17.0151,54.0924,69.89,49,0,6.91,clear sky
46,Ust-Nera,RU,64.5667,143.2,-11.51,98,100,4.65,overcast clouds
47,Muros,ES,42.7762,-9.0603,52.3,95,3,5.53,clear sky
48,Provideniya,RU,64.3833,-173.3,-3.89,77,90,22.37,overcast clouds
49,Mahebourg,MU,-20.4081,57.7,77.29,83,40,8.05,light rain
50,Punta Arenas,CL,-53.15,-70.9167,51.91,54,75,17.27,broken clouds
51,Souillac,MU,-20.5167,57.5167,77.38,83,40,8.05,scattered clouds
52,New Norfolk,AU,-42.7826,147.0587,70.75,53,99,4.0,overcast clouds
53,Busselton,AU,-33.65,115.3333,58.05,56,0,5.79,clear sky
54,Viedma,AR,-40.8135,-62.9967,64.09,61,59,5.37,broken clouds
55,Belyy Yar,RU,53.6039,91.3903,-4.11,84,0,0.0,clear sky
56,Kluczbork,PL,50.9728,18.2182,36.99,99,100,5.64,overcast clouds
57,Kapaa,US,22.0752,-159.319,80.58,75,75,1.99,light rain
58,Baruun-Urt,MN,46.6806,113.2792,7.81,78,100,9.71,overcast clouds
59,Luderitz,NA,-26.6481,15.1594,60.4,83,0,15.23,clear sky
60,Ilulissat,GL,69.2167,-51.1,21.22,45,14,5.75,few clouds
61,Safaga,EG,26.7292,33.9365,66.15,55,1,12.48,clear sky
62,Kidal,ML,18.4411,1.4078,73.45,11,100,9.64,overcast clouds
63,Tigil,RU,57.8,158.6667,16.65,95,100,6.85,overcast clouds
64,Hermanus,ZA,-34.4187,19.2345,63.9,71,99,4.03,overcast clouds
65,Guacimo,CR,10.2104,-83.6807,84.78,98,72,2.68,broken clouds
66,Cape Town,ZA,-33.9258,18.4232,64.11,75,75,1.99,broken clouds
67,Fortuna,US,40.5982,-124.1573,48.97,78,40,4.0,scattered clouds
68,Yellowknife,CA,62.456,-114.3525,-8.88,84,75,4.61,light snow
69,Cherskiy,RU,68.75,161.3,-21.19,82,100,4.45,overcast clouds
70,Huarmey,PE,-10.0681,-78.1522,69.3,82,19,9.55,few clouds
71,Moroni,KM,-11.7022,43.2551,78.21,78,38,6.15,scattered clouds
72,Victoria,HK,22.2855,114.1577,70.25,84,100,1.99,overcast clouds
73,Port Elizabeth,ZA,-33.918,25.5701,64.69,88,0,4.61,clear sky
74,Albany,US,42.6001,-73.9662,40.53,64,30,3.71,scattered clouds
75,Santa Maria,BR,-29.6842,-53.8069,67.3,88,90,8.05,overcast clouds
76,Saint-Augustin,CA,51.226,-58.6502,18.54,64,77,20.92,broken clouds
77,Price,US,39.5994,-110.8107,48.72,56,90,0.0,overcast clouds
78,Agadez,NE,19.75,10.25,61.59,29,100,10.36,overcast clouds
79,Saint Pete Beach,US,27.7253,-82.7412,75.25,77,75,3.0,broken clouds
80,Bredasdorp,ZA,-34.5322,20.0403,59.29,71,100,5.17,overcast clouds
81,Rovaniemi,FI,66.5,25.7167,27.81,100,90,10.36,light snow
82,Ketchikan,US,55.3422,-131.6461,27.07,74,75,0.0,broken clouds
83,Bilibino,RU,68.0546,166.4372,-13.45,72,100,5.53,overcast clouds
84,Inuvik,CA,68.3499,-133.7218,-16.56,76,90,3.44,light snow
85,Georgetown,MY,5.4112,100.3354,79.9,86,20,1.99,few clouds
86,Ancud,CL,-41.8697,-73.8203,56.73,73,30,4.76,scattered clouds
87,Airai,TL,-8.9266,125.4092,71.37,59,24,1.28,few clouds
88,Iqaluit,CA,63.7506,-68.5145,-4.27,71,90,10.36,light snow
89,Port Alfred,ZA,-33.5906,26.891,66.33,81,25,16.26,scattered clouds
90,Bluff,NZ,-46.6,168.3333,66.79,71,97,22.79,overcast clouds
91,Hun,LY,29.1268,15.9477,56.16,50,67,7.02,broken clouds
92,Torbay,CA,47.6666,-52.7314,29.57,84,90,13.8,light snow
93,Fort Frances,CA,48.5999,-93.4003,38.16,69,1,5.99,clear sky
94,Cidreira,BR,-30.1811,-50.2056,70.93,92,100,20.8,overcast clouds
95,Hilo,US,19.7297,-155.09,81.28,57,20,9.22,few clouds
96,Port Hardy,CA,50.6996,-127.4199,41.0,81,75,6.91,broken clouds
97,Morondava,MG,-20.2833,44.2833,74.79,79,100,9.31,overcast clouds
98,Acapulco,MX,16.8634,-99.8901,85.82,70,1,6.91,clear sky
99,Qaqortoq,GL,60.7167,-46.0333,30.7,82,100,2.55,overcast clouds
100,Qaanaaq,GL,77.484,-69.3632,-1.82,95,93,3.67,overcast clouds
101,Isetskoye,RU,56.4858,65.3226,22.53,81,93,14.23,overcast clouds
102,Saint-Philippe,RE,-21.3585,55.7679,78.35,80,39,12.84,scattered clouds
103,Vidra,RO,44.2606,26.1697,38.37,92,100,3.67,overcast clouds
104,Preobrazheniye,RU,42.9019,133.9064,31.69,68,59,7.96,broken clouds
105,Ternate,ID,0.8,127.4,82.63,78,100,7.05,overcast clouds
106,Nome,US,64.5011,-165.4064,-9.33,65,1,8.05,clear sky
107,Barrow,US,71.2906,-156.7887,-14.78,64,1,3.44,clear sky
108,Bengkulu,ID,-3.8004,102.2655,75.58,87,62,3.8,broken clouds
109,Lypova Dolyna,UA,50.5643,33.7979,30.79,90,72,6.17,broken clouds
110,Jamestown,US,42.097,-79.2353,44.24,58,1,3.0,clear sky
111,Khanpur,PK,28.6453,70.6567,52.74,30,0,4.21,clear sky
112,Plettenberg Bay,ZA,-34.0527,23.3716,61.83,90,7,2.62,clear sky
113,Gushikawa,JP,26.3544,127.8686,63.63,85,1,6.91,clear sky
114,Santa Fe,AR,-31.6333,-60.7,73.02,72,59,8.01,light rain
115,Nikolskoye,RU,59.7035,30.7861,33.87,97,100,7.83,light snow
116,Ito,JP,34.9667,139.0833,56.14,79,0,7.43,clear sky
117,Lavrentiya,RU,65.5833,-171.0,-12.53,89,79,11.12,broken clouds
118,Ipinda,TZ,-9.4833,33.9,74.52,62,8,3.09,clear sky
119,Kodiak,US,57.79,-152.4072,24.31,58,1,18.41,clear sky
120,Urucui,BR,-7.2294,-44.5561,80.8,62,77,1.88,broken clouds
121,Aban,RU,56.67,96.06,-17.32,100,97,0.54,overcast clouds
122,Bandarbeyla,SO,9.4942,50.8122,74.7,68,79,17.25,broken clouds
123,Chernyshevskiy,RU,63.0128,112.4714,-26.37,97,95,6.22,overcast clouds
124,Kermanshah,IR,34.3142,47.065,32.9,75,75,0.0,broken clouds
125,Goderich,CA,43.7501,-81.7165,39.2,70,100,6.91,overcast clouds
126,Alice Springs,AU,-23.7,133.8833,85.55,25,5,19.57,clear sky
127,Saint-Francois,FR,46.4154,3.9054,35.47,98,90,2.3,fog
128,Ribeira Grande,PT,38.5167,-28.7,61.2,70,86,14.36,overcast clouds
129,Esperance,AU,-33.8667,121.9,64.24,57,0,6.04,clear sky
130,Upernavik,GL,72.7868,-56.1549,4.75,94,100,10.04,overcast clouds
131,Cockburn Town,TC,21.4612,-71.1419,80.19,73,4,20.83,clear sky
132,Vila Velha,BR,-20.3297,-40.2925,78.75,87,0,8.01,clear sky
133,Vardo,NO,70.3705,31.1107,28.6,87,100,16.78,overcast clouds
134,Mayumba,GA,-3.432,10.6554,77.67,91,100,5.59,moderate rain
135,Pevek,RU,69.7008,170.3133,-25.37,89,35,2.59,scattered clouds
136,Sinnamary,GF,5.3833,-52.95,77.72,89,100,8.79,overcast clouds
137,Nador,MA,35.174,-2.9287,59.25,72,75,5.75,broken clouds
138,Hamilton,US,39.1834,-84.5333,54.45,63,90,0.0,overcast clouds
139,Usevya,TZ,-7.1,31.2333,64.98,96,51,1.86,moderate rain
140,Carnarvon,AU,-24.8667,113.6333,69.87,68,0,19.57,clear sky
141,Mayo,US,38.8876,-76.5119,51.1,63,1,3.44,clear sky
142,Kendari,ID,-3.945,122.4989,77.23,92,100,2.62,overcast clouds
143,Santiago,CL,-33.4569,-70.6483,78.24,27,0,8.05,clear sky
144,Henties Bay,NA,-22.116,14.2845,59.86,95,2,9.28,clear sky
145,Faanui,PF,-16.4833,-151.75,82.06,69,30,13.31,scattered clouds
146,Folldal,NO,62.1325,9.9968,20.75,91,100,6.73,overcast clouds
147,Manado,ID,1.487,124.8455,79.57,94,40,3.44,scattered clouds
148,Nuuk,GL,64.1835,-51.7216,23.61,93,20,6.91,few clouds
149,Makakilo City,US,21.3469,-158.0858,79.12,70,75,11.5,light rain
150,Lagoa,PT,39.05,-27.9833,60.46,67,83,11.56,broken clouds
151,Korla,CN,41.7597,86.1469,21.13,59,15,3.69,few clouds
152,Narsaq,GL,60.9167,-46.05,30.42,78,100,3.42,overcast clouds
153,Karratha,AU,-20.7377,116.8463,86.32,33,0,9.53,clear sky
154,Piro,IN,25.3333,84.4167,55.4,46,66,5.79,broken clouds
155,Along,IN,28.1667,94.7667,49.17,75,12,1.66,few clouds
156,Sechura,PE,-5.5569,-80.8222,71.46,73,67,17.0,broken clouds
157,Lasa,IT,46.6166,10.7002,33.37,63,87,5.73,overcast clouds
158,Hokitika,NZ,-42.7167,170.9667,60.62,79,100,8.63,overcast clouds
159,Ijui,BR,-28.3878,-53.9147,75.22,88,66,12.86,broken clouds
160,Senneterre,CA,48.3835,-77.2328,10.62,95,55,2.68,broken clouds
161,Bethel,US,41.3712,-73.414,45.48,54,1,0.0,clear sky
162,Hanyang,CN,32.1371,105.5126,45.55,75,100,2.48,overcast clouds
163,Saskylakh,RU,71.9167,114.0833,-19.64,94,97,4.81,overcast clouds
164,Portland,US,45.5234,-122.6762,45.1,78,40,1.01,scattered clouds
165,Abrau-Dyurso,RU,44.69,37.59,45.86,57,99,7.07,overcast clouds
166,Hambantota,LK,6.1241,81.1185,75.58,84,100,4.03,light rain
167,Lufkin,US,31.3382,-94.7291,75.11,83,90,8.05,overcast clouds
168,Quelimane,MZ,-17.8786,36.8883,80.55,83,75,10.36,broken clouds
169,San Patricio,US,28.017,-97.5169,78.89,84,85,12.28,overcast clouds
170,Cayenne,GF,4.9333,-52.3333,77.09,90,0,1.01,clear sky
171,Broome,US,42.2506,-75.833,39.79,59,1,1.01,clear sky
172,San Juan,AR,-31.5375,-68.5364,78.73,33,40,19.91,scattered clouds
173,Desur,IN,12.4333,79.4833,70.25,89,70,7.72,broken clouds
174,Nyurba,RU,63.2842,118.3319,-35.27,95,80,7.0,broken clouds
175,Longyearbyen,SJ,78.2186,15.6401,28.24,64,0,20.71,clear sky
176,Zhigansk,RU,66.7697,123.3711,-46.35,100,91,1.19,overcast clouds
177,Alofi,NU,-19.0595,-169.9187,84.09,65,75,10.36,broken clouds
178,Murgab,TM,37.4966,61.9714,31.05,72,56,5.79,broken clouds
179,Koboko,UG,3.4136,30.9599,68.34,59,83,3.4,broken clouds
180,Tiznit,MA,29.5833,-9.5,57.31,39,100,10.63,overcast clouds
181,North Branch,US,45.5113,-92.9802,39.52,87,100,11.97,overcast clouds
182,Davidson,US,36.1501,-86.7833,61.09,50,40,3.44,scattered clouds
183,Comodoro Rivadavia,AR,-45.8667,-67.5,60.66,39,0,12.66,clear sky
184,Paamiut,GL,61.994,-49.6678,22.86,80,100,6.24,overcast clouds
185,Katsuura,JP,35.1333,140.3,49.1,71,9,11.77,clear sky
186,Flinders,AU,-34.5833,150.8552,81.05,72,1,8.41,clear sky
187,Oktyabrskoye,RU,43.0645,44.7417,30.34,100,92,2.24,fog
188,Porto Walter,BR,-8.2686,-72.7439,75.7,93,76,3.71,broken clouds
189,Leh,IN,34.1667,77.5833,3.88,89,81,0.67,broken clouds
190,Sao Jose Da Coroa Grande,BR,-8.8978,-35.1478,78.69,79,98,8.05,overcast clouds
191,Kulhudhuffushi,MV,6.6221,73.07,81.66,76,97,11.03,overcast clouds
192,Auki,SB,-8.7676,160.7034,83.23,84,93,10.2,overcast clouds
193,Bambous Virieux,MU,-20.3428,57.7575,78.22,83,40,8.05,light rain
194,Puerto Baquerizo Moreno,EC,-0.9,-89.6,68.65,89,87,9.86,overcast clouds
195,Wanning,CN,18.8003,110.3967,71.29,85,84,6.02,broken clouds
196,Vicksburg,US,32.3526,-90.8779,73.13,71,90,4.61,overcast clouds
197,Kirundo,BI,-2.5833,30.1667,66.97,96,49,2.08,scattered clouds
198,Katsina,NG,12.9894,7.6006,63.88,15,33,10.09,scattered clouds
199,Velasco Ibarra,EC,-1.05,-79.6167,72.45,91,100,1.74,overcast clouds
200,Luwuk,ID,-0.9516,122.7875,84.0,67,100,1.1,overcast clouds
201,Tiksi,RU,71.6872,128.8694,-31.13,99,69,3.49,broken clouds
202,Abha,SA,18.2164,42.5053,46.22,45,0,0.0,clear sky
203,Kloulklubed,PW,7.0419,134.2556,81.1,76,100,23.91,overcast clouds
204,Wiang Sa,TH,8.6359,99.3666,78.85,92,84,2.68,broken clouds
205,Mbengwi,CM,6.0167,10.0,64.17,46,92,1.83,overcast clouds
206,Porangatu,BR,-13.4408,-49.1486,72.57,96,100,0.76,light rain
207,Sisimiut,GL,66.9395,-53.6735,20.26,92,84,14.41,light snow
208,Istanbul,TR,41.0351,28.9833,50.07,93,90,18.41,overcast clouds
209,Mpika,ZM,-11.8343,31.4529,65.17,50,33,4.72,scattered clouds
210,Mount Pleasant,US,32.7941,-79.8626,59.18,89,75,1.99,broken clouds
211,Sarakhs,IR,36.5449,61.1577,32.99,67,80,3.22,broken clouds
212,Camacha,PT,33.0833,-16.3333,54.82,72,40,6.91,scattered clouds
213,Muskogee,US,35.5834,-95.3336,68.54,80,90,9.22,overcast clouds
214,Fort Nelson,CA,58.8053,-122.7002,-24.21,76,40,0.0,scattered clouds
215,Sheridan,US,44.8333,-106.9173,57.38,30,1,19.57,clear sky
216,Gloucester,GB,51.8657,-2.2431,53.47,90,81,20.0,broken clouds
217,Hays,US,30.0502,-98.0336,73.24,81,100,5.21,overcast clouds
218,Elko,US,41.0002,-115.5012,30.74,86,100,8.01,light snow
219,Kaitangata,NZ,-46.2817,169.8464,59.94,76,100,16.04,overcast clouds
220,Belaya Gora,RU,68.5333,146.4167,-29.11,97,100,1.66,overcast clouds
221,Saint-Pierre,RE,-21.3393,55.4781,78.44,72,0,6.91,clear sky
222,Aksarka,RU,66.5606,67.7975,7.32,97,97,5.06,overcast clouds
223,Labuan,MY,5.2767,115.2417,80.96,94,20,0.0,light rain
224,Ponta Do Sol,PT,32.6667,-17.1,58.71,73,36,7.18,scattered clouds
225,Kirkwall,GB,58.9848,-2.9587,51.85,87,90,9.22,overcast clouds
226,Maniitsoq,GL,65.4167,-52.9,23.09,59,18,4.45,few clouds
227,Hithadhoo,MV,-0.6,73.0833,81.14,78,64,7.92,broken clouds
228,Yurty,RU,56.0498,97.6348,-4.16,99,100,0.69,overcast clouds
229,Kaseda,JP,31.4167,130.3167,42.03,66,51,4.83,broken clouds
230,Constitucion,CL,-35.3333,-72.4167,56.01,75,4,13.98,clear sky
231,Fairbanks,US,64.8378,-147.7164,-32.4,65,75,0.0,mist
232,Lebu,CL,-37.6167,-73.65,55.36,81,0,15.17,clear sky
233,Mwinilunga,ZM,-11.7358,24.4293,63.28,95,92,0.6,light rain
234,Hasaki,JP,35.7333,140.8333,36.0,73,0,7.92,clear sky
235,Arman,RU,59.7,150.1667,-1.98,83,100,9.37,overcast clouds
236,Los Llanos De Aridane,ES,28.6585,-17.9182,60.55,89,75,1.01,broken clouds
237,Marzuq,YE,14.4,46.4667,52.88,29,7,2.75,clear sky
238,Port Hedland,AU,-20.3167,118.5667,84.25,74,22,14.97,few clouds
239,Westport,US,41.1415,-73.3579,48.74,57,1,1.99,clear sky
240,General Cepeda,MX,25.3833,-101.45,74.61,45,98,4.63,overcast clouds
241,Mount Isa,AU,-20.7333,139.5,91.17,38,2,6.91,clear sky
242,Dangriga,BZ,16.9692,-88.2321,80.56,83,70,11.88,broken clouds
243,Pangnirtung,CA,66.1451,-65.7125,-0.4,60,20,14.97,few clouds
244,Srednekolymsk,RU,67.45,153.6833,-20.79,94,100,2.26,overcast clouds
245,Moree,AU,-29.4667,149.85,80.62,50,0,10.36,clear sky
246,Necochea,AR,-38.5473,-58.7368,71.04,63,100,11.77,overcast clouds
247,Krasnoselkup,RU,65.7,82.4667,-1.77,97,100,19.42,light snow
248,Prosvet,RU,55.5703,65.0825,24.71,75,99,13.49,overcast clouds
249,Lichinga,MZ,-13.3128,35.2406,65.12,56,5,6.46,clear sky
250,Kahului,US,20.8947,-156.47,80.62,77,20,24.16,light rain
251,Awbari,LY,26.5921,12.7805,45.68,55,17,3.65,few clouds
252,Neuquen,AR,-38.9516,-68.0591,80.49,22,0,0.0,clear sky
253,Prince Rupert,CA,54.3161,-130.3201,33.49,55,90,8.05,overcast clouds
254,Senanga,ZM,-16.1167,23.2667,68.56,76,76,2.37,broken clouds
255,Juneau,US,58.3019,-134.4197,24.85,90,75,1.01,broken clouds
256,Isangel,VU,-19.55,169.2667,82.51,83,75,10.36,broken clouds
257,Nanortalik,GL,60.1432,-45.2371,31.95,79,100,0.92,overcast clouds
258,Tres Arroyos,AR,-38.3739,-60.2798,63.61,49,88,7.72,overcast clouds
259,Lubana,LV,56.9,26.7167,33.96,99,100,5.88,overcast clouds
260,Progreso,MX,21.2833,-89.6667,84.31,75,18,18.84,few clouds
261,Jose De Freitas,BR,-4.7564,-42.5756,85.15,63,69,3.6,broken clouds
262,Gobabis,NA,-22.45,18.9667,74.28,18,66,8.57,broken clouds
263,Vigrestad,NO,58.5667,5.7,47.88,94,100,15.05,overcast clouds
264,Chuy,UY,-33.6971,-53.4616,67.82,84,38,8.7,scattered clouds
265,Coihaique,CL,-45.5752,-72.0662,60.75,48,40,5.75,scattered clouds
266,Scottsbluff,US,41.8666,-103.6672,37.63,70,1,0.0,clear sky
267,Talnakh,RU,69.4865,88.3972,-11.79,98,100,14.9,light snow
268,Jaguey Grande,CU,22.5269,-81.1286,77.65,75,64,10.33,light rain
269,Maues,BR,-3.3836,-57.7186,76.1,96,95,1.05,moderate rain
270,Batemans Bay,AU,-35.7167,150.1833,90.19,53,7,5.7,clear sky
271,Bhadasar,IN,28.2833,74.3167,54.07,38,0,7.14,clear sky
272,Kama,RU,56.3051,54.0936,21.33,97,100,4.47,light snow
273,Lorengau,PG,-2.0226,147.2712,83.19,82,98,14.43,very heavy rain
274,Mildura,AU,-34.2,142.15,69.76,49,90,13.8,light intensity shower rain
275,Smirnykh,RU,49.75,142.8333,10.56,87,86,3.0,overcast clouds
276,Tazovskiy,RU,67.4667,78.7,2.77,96,98,9.33,overcast clouds
277,Bubaque,GW,11.2833,-15.8333,81.0,63,98,12.19,overcast clouds
278,Soyo,AO,-6.1349,12.3689,78.84,90,100,5.48,light rain
279,Paita,PE,-5.0892,-81.1144,72.16,86,48,14.61,scattered clouds
280,Novoselitskoye,RU,44.7508,43.4369,37.27,90,97,5.03,overcast clouds
281,Powell River,CA,49.8496,-124.5361,41.0,93,75,11.5,mist
282,Marawi,PH,7.9986,124.2928,70.65,92,99,4.99,overcast clouds
283,Pemba,MZ,-12.974,40.5178,79.5,83,20,11.5,few clouds
284,Paceco,IT,37.9787,12.5566,52.57,93,20,4.61,few clouds
285,Kharabali,RU,47.4196,47.2568,32.11,89,97,16.04,overcast clouds
286,Ribas Do Rio Pardo,BR,-20.4431,-53.7592,75.29,90,100,5.64,overcast clouds
287,Anloga,GH,5.7947,0.8973,82.62,82,82,10.6,broken clouds
288,Malinovskiy,RU,61.1953,62.8397,19.44,94,100,8.75,overcast clouds
289,Smithers,CA,54.7804,-127.1743,12.52,67,75,4.61,broken clouds
290,Beyneu,KZ,45.3167,55.2,31.5,88,29,14.58,scattered clouds
291,Diamantino,BR,-14.4086,-56.4461,74.21,89,55,4.38,broken clouds
292,Lodja,CD,-3.4833,23.4333,68.23,92,91,0.56,overcast clouds
293,Tual,ID,-5.6667,132.75,84.24,70,71,6.85,broken clouds
294,Ruteng,ID,-8.6136,120.4721,70.83,77,46,0.74,scattered clouds
295,Saint George,US,37.1041,-113.5841,55.99,71,90,4.0,overcast clouds
296,Sao Jose De Piranhas,BR,-7.1206,-38.5019,78.67,66,100,4.61,overcast clouds
297,Eyl,SO,7.9803,49.8164,73.22,70,56,17.76,broken clouds
298,Salta,AR,-24.7859,-65.4117,73.99,64,75,11.5,broken clouds
299,Valdivia,CL,-39.8142,-73.2459,64.49,76,1,2.13,clear sky
300,Tarko-Sale,RU,64.9225,77.785,3.07,95,100,16.49,light snow
301,Port Blair,IN,11.6667,92.75,78.06,74,59,11.05,broken clouds
302,Kavaratti,IN,10.5669,72.642,81.77,71,99,3.11,overcast clouds
303,Sitka,US,57.0531,-135.33,31.89,59,90,4.61,overcast clouds
304,Balvi,LV,57.1313,27.2658,33.17,99,100,6.46,overcast clouds
305,Muroto,JP,33.2833,134.15,42.84,66,2,4.25,clear sky
306,Bilma,NE,18.6853,12.9164,62.49,32,91,14.12,overcast clouds
307,Monchegorsk,RU,67.9397,32.8739,13.23,97,96,4.38,overcast clouds
308,Sur,OM,22.5667,59.5289,69.66,49,23,3.85,few clouds
309,Corinth,GR,37.9407,22.9573,50.9,78,73,8.32,broken clouds
310,Sao Filipe,CV,14.8961,-24.4956,74.8,70,94,7.47,overcast clouds
311,Igarka,RU,67.4667,86.5833,-8.9,97,100,20.54,light snow
312,Wangkui,CN,46.8333,126.5,-11.76,100,58,2.53,broken clouds
313,Kutum,SD,14.2,24.6667,65.28,38,100,7.58,overcast clouds
314,Yeppoon,AU,-23.1333,150.7333,82.18,61,93,9.75,overcast clouds
315,Medina,SA,24.4686,39.6142,63.03,20,0,3.44,clear sky
316,Vila,PT,42.0304,-8.1588,41.32,55,12,4.12,few clouds
317,Morganton,US,35.7454,-81.6848,53.04,54,1,1.01,clear sky
318,Yerbogachen,RU,61.2767,108.0108,-27.72,94,89,7.07,overcast clouds
319,Townsville,AU,-19.25,146.8,86.88,51,67,13.8,broken clouds
320,Daru,PG,-9.0763,143.2092,80.96,85,99,7.94,overcast clouds
321,Mogadishu,SO,2.0371,45.3438,78.49,80,88,17.98,overcast clouds
322,Coquimbo,CL,-29.9533,-71.3436,64.13,67,0,13.8,clear sky
323,Guerrero Negro,MX,27.9769,-114.0611,63.59,62,62,11.65,broken clouds
324,Svetlyy,RU,54.675,20.1347,39.96,91,100,10.78,overcast clouds
325,Kruisfontein,ZA,-34.0033,24.7314,58.89,90,12,3.15,few clouds
326,Natchitoches,US,31.7668,-93.1335,73.38,83,75,5.75,broken clouds
327,Lingao,CN,19.9103,109.6859,69.35,86,65,8.14,broken clouds
328,Sharkan,RU,57.2989,53.8712,8.1,100,95,3.65,overcast clouds
329,Andenes,NO,69.3143,16.1194,39.18,75,75,24.16,broken clouds
330,Aklavik,CA,68.2191,-135.0107,-16.6,76,75,8.05,broken clouds
331,Sarahan,IN,31.5167,77.8,27.09,42,0,10.54,clear sky
332,Poum,NC,-20.2333,164.0167,79.16,59,78,19.48,broken clouds
333,Sikasso,ML,10.9167,-7.0,78.28,25,91,1.81,overcast clouds
334,Rio Gallegos,AR,-51.6226,-69.2181,66.25,24,0,25.32,clear sky
335,Boyolangu,ID,-8.1181,111.8935,80.53,79,91,2.59,overcast clouds
336,Chipata,ZM,-13.6333,32.65,71.11,49,64,6.11,broken clouds
337,Sibu,MY,2.3,111.8167,77.31,94,20,3.0,light rain
338,Riohacha,CO,11.5444,-72.9072,82.51,74,20,6.91,few clouds
339,Haines Junction,CA,60.7522,-137.5108,-14.85,70,100,0.0,overcast clouds
340,Aksu,CN,41.1231,80.2644,24.15,51,100,2.64,overcast clouds
341,Ostrovnoy,RU,68.0531,39.5131,27.16,96,100,8.23,light snow
342,Santa Cruz,BO,-17.8,-63.1667,75.25,88,75,2.3,light rain
343,Turukhansk,RU,65.8167,87.9833,-9.9,96,100,20.54,light snow
344,Amga,RU,60.8953,131.9608,-23.37,91,100,7.4,overcast clouds
345,Labuhan,ID,-6.8844,112.2051,80.56,78,100,7.63,moderate rain
346,Gat,IL,31.61,34.7642,61.48,100,49,5.55,scattered clouds
347,Cap Malheureux,MU,-19.9842,57.6142,78.48,70,4,5.99,clear sky
348,Maine-Soroa,NE,13.2114,12.0241,67.05,16,85,9.78,overcast clouds
349,Nishihara,JP,26.1842,127.7558,65.48,75,20,4.61,few clouds
350,Burnie,AU,-41.0667,145.9167,64.49,61,100,7.78,overcast clouds
351,Hobyo,SO,5.3505,48.5268,77.85,76,100,19.15,overcast clouds
352,Shenjiamen,CN,29.9576,122.298,57.02,84,59,4.81,broken clouds
353,Gizo,SB,-8.103,156.8419,85.35,71,78,8.88,light rain
354,Pincher Creek,CA,49.4833,-113.952,10.33,81,20,9.22,few clouds
355,Bako,ET,5.7833,36.5667,65.62,64,75,4.79,light rain
356,Lagos,NG,6.5833,3.75,82.72,86,60,2.62,broken clouds
357,Alekseyevka,RU,50.6309,38.6903,31.91,89,100,3.44,overcast clouds
358,Margate,GB,51.3813,1.3862,52.97,89,100,5.01,overcast clouds
359,Mackay,AU,-21.15,149.2,87.67,58,40,9.22,scattered clouds
360,Kamiiso,JP,41.8167,140.65,43.18,81,75,12.66,broken clouds
361,Perur,IN,10.9667,76.9,71.29,94,75,3.44,mist
362,Nouadhibou,MR,20.931,-17.0347,64.38,88,0,10.36,clear sky
363,Tahta,EG,26.7693,31.5021,53.92,53,0,8.39,clear sky
364,Laguna,US,38.421,-121.4238,53.26,67,20,1.99,few clouds
365,Leningradskiy,RU,69.3833,178.4167,-29.02,94,30,9.86,scattered clouds
366,Ambilobe,MG,-13.2,49.05,72.21,83,39,3.0,scattered clouds
367,Pisco,PE,-13.7,-76.2167,68.05,77,0,19.57,clear sky
368,Kerman,IR,30.2832,57.0788,43.66,25,19,1.97,few clouds
369,Vila Franca Do Campo,PT,37.7167,-25.4333,57.2,81,30,3.76,scattered clouds
370,Ahipara,NZ,-35.1667,173.1667,71.51,67,11,11.03,few clouds
371,Sambava,MG,-14.2667,50.1667,73.54,86,13,6.98,few clouds
372,Sistranda,NO,63.7256,8.834,44.91,77,97,30.24,overcast clouds
373,San Quintin,MX,30.4833,-115.95,61.84,73,10,12.8,clear sky
374,Ballina,AU,-28.8667,153.5667,76.96,63,33,9.22,scattered clouds
375,Sterling,US,39.0062,-77.4286,50.13,60,20,0.0,few clouds
376,Dingle,PH,10.9995,122.6711,77.61,85,65,10.6,broken clouds
377,Fernie,CA,49.5,-115.0687,32.68,91,100,2.75,overcast clouds
378,Ucluelet,CA,48.9329,-125.5528,40.08,86,95,11.99,overcast clouds
379,Point Fortin,TT,10.1833,-61.6833,77.02,85,100,11.95,overcast clouds
380,Dipalpur,PK,30.6709,73.6529,50.72,43,0,2.95,clear sky
381,Nagar Karnul,IN,16.4821,78.3247,66.24,81,97,6.26,overcast clouds
382,Port Lincoln,AU,-34.7333,135.8667,66.02,58,59,8.81,broken clouds
383,Shakawe,BW,-18.3667,21.85,71.13,64,24,6.55,few clouds
384,College,US,64.8569,-147.8028,-32.42,67,75,0.0,mist
385,Nurota,UZ,40.5614,65.6886,30.29,93,49,6.73,scattered clouds
386,Corinto,GR,37.9407,22.9573,50.9,78,73,8.32,broken clouds
387,Touros,BR,-5.1989,-35.4608,81.5,75,97,11.7,overcast clouds
388,Nalut,LY,30.3333,10.85,45.36,70,0,8.39,clear sky
389,Nantucket,US,41.2835,-70.0995,46.09,62,1,9.22,clear sky
390,Bulnes,CL,-36.7423,-72.2985,75.96,42,1,7.0,clear sky
391,Caborca,MX,30.5838,-111.101,69.53,43,66,15.32,broken clouds
392,San-Pedro,CI,4.7485,-6.6363,78.89,87,69,6.38,broken clouds
393,Vostok,RU,46.4856,135.8833,9.19,95,98,2.59,overcast clouds
394,Vidalia,US,32.2177,-82.4135,59.29,82,1,0.0,clear sky
395,West Fargo,US,46.875,-96.9004,37.4,77,1,8.99,clear sky
396,Anadyr,RU,64.75,177.4833,5.5,84,90,22.37,light snow
397,Kysyl-Syr,RU,63.8986,122.7617,-36.78,97,87,7.45,overcast clouds
398,Kalmunai,LK,7.4167,81.8167,76.86,86,100,5.82,overcast clouds
399,Birjand,IR,32.8663,59.2211,18.07,35,0,6.91,clear sky
400,Nicoya,CR,10.1483,-85.452,81.95,76,91,7.67,overcast clouds
401,Barcelona,ES,41.3888,2.159,53.55,75,20,10.36,few clouds
402,Syamzha,RU,60.0158,41.0614,24.89,93,100,7.36,overcast clouds
403,Aasiaat,GL,68.7098,-52.8699,1.49,98,62,4.03,broken clouds
404,Puerto Suarez,BO,-18.95,-57.8,78.12,89,85,2.04,heavy intensity rain
405,Tortoli,IT,39.9256,9.6572,53.1,58,56,3.74,broken clouds
406,Finschhafen,PG,-6.6024,147.8681,85.05,70,98,5.44,moderate rain
407,Kabompo,ZM,-13.5927,24.2008,63.39,96,100,0.69,overcast clouds
408,Jackson,US,42.4165,-122.8345,38.39,81,75,5.75,broken clouds
409,Jose Bonifacio,BR,-21.0528,-49.6883,74.46,94,100,3.76,moderate rain
410,Fukue,JP,32.6881,128.8419,46.76,100,75,3.44,broken clouds
411,Wufeng,CN,27.45,104.8333,37.0,98,100,2.55,overcast clouds
412,Shirokiy,RU,49.758,129.523,-15.63,97,90,6.58,overcast clouds
413,Hirara,JP,24.8,125.2833,69.66,77,40,10.36,scattered clouds
414,Srandakan,ID,-7.9386,110.2506,66.72,78,99,1.52,light rain
415,Thinadhoo,MV,0.5333,72.9333,80.42,81,84,7.29,broken clouds
416,Geraldton,AU,-28.7667,114.6,66.61,63,0,14.97,clear sky
417,Bertinoro,IT,44.1469,12.1389,43.5,83,0,2.3,clear sky
418,Gurupa,BR,-1.405,-51.64,80.73,76,88,5.64,overcast clouds
419,Komsomolskiy,UZ,40.4272,71.7189,36.75,87,100,4.61,mist
420,Bagaces,CR,10.5271,-85.2548,82.33,76,88,10.13,overcast clouds
421,Falam,MM,22.9167,93.6833,47.14,89,86,1.54,overcast clouds
422,Bogotol,RU,56.2078,89.5342,-14.13,100,84,4.5,broken clouds
423,Itoman,JP,26.1247,127.6694,66.22,72,20,3.44,few clouds
424,Camacupa,AO,-12.0167,17.4833,62.01,99,100,4.27,light rain
425,Tura,IN,25.5198,90.2201,57.15,84,31,3.58,scattered clouds
426,San Cristobal,VE,7.7669,-72.225,73.58,96,93,3.0,overcast clouds
427,Avera,US,33.194,-82.5271,54.72,42,0,5.12,clear sky
428,Aswan,EG,24.0934,32.907,63.7,48,0,14.97,clear sky
429,Plavsk,RU,53.7094,37.2919,26.62,97,97,3.62,overcast clouds
430,Laramie,US,41.3114,-105.5911,48.58,29,1,21.85,clear sky
431,Kupang,ID,-10.1667,123.5833,84.78,84,20,3.44,few clouds
432,Beloha,MG,-25.1667,45.05,72.34,84,33,6.64,scattered clouds
433,Uray,RU,60.1247,64.7758,18.18,93,95,8.57,overcast clouds
434,Te Anau,NZ,-45.4167,167.7167,67.46,50,100,1.5,overcast clouds
435,Faya,SA,18.3851,42.4509,46.51,40,23,3.98,few clouds
436,Kirakira,SB,-10.4544,161.9205,85.35,76,100,7.85,overcast clouds
437,Lompoc,US,34.6391,-120.4579,52.32,86,75,10.36,broken clouds
438,Stolin,BY,51.8912,26.846,26.64,95,51,5.28,broken clouds
439,San Andres,CO,12.5847,-81.7006,82.42,78,75,11.5,broken clouds
440,Golden,US,39.7555,-105.2211,61.29,28,80,1.01,broken clouds
441,Padang,ID,-0.9492,100.3543,75.25,91,100,3.96,overcast clouds
442,Asau,RO,46.4333,26.4,33.96,79,89,3.36,overcast clouds
443,Punta Alta,AR,-38.8759,-62.0736,69.62,56,86,5.79,overcast clouds
444,Dunmore Town,BS,25.5,-76.65,77.0,76,7,19.24,clear sky
445,Solnechnyy,RU,50.7214,136.6319,-1.53,83,22,2.01,few clouds
446,Inirida,CO,3.8653,-67.9239,75.0,97,97,2.26,overcast clouds
447,Joniskelis,LT,56.0253,24.1689,36.55,99,100,7.2,overcast clouds
448,Betioky,MG,-23.7167,44.3833,71.08,89,55,3.4,broken clouds
449,Dudinka,RU,69.4058,86.1778,-11.38,95,100,23.38,overcast clouds
450,Carlsbad,US,33.1581,-117.3506,55.99,90,90,10.0,overcast clouds
451,Maragogi,BR,-9.0122,-35.2225,78.64,79,99,8.08,overcast clouds
452,Kota Kinabalu,MY,5.9749,116.0724,78.78,89,20,4.61,few clouds
453,Kununurra,AU,-15.7667,128.7333,91.38,70,62,6.91,broken clouds
454,Puerto Princesa,PH,9.7392,118.7353,79.95,79,98,10.67,overcast clouds
455,Pafos,CY,34.7667,32.4167,55.31,82,40,2.3,scattered clouds
456,Nelson Bay,AU,-32.7167,152.15,81.28,47,2,1.99,light rain
457,Taltal,CL,-25.4,-70.4833,65.28,76,19,4.74,few clouds
458,Sri Aman,MY,1.2376,111.4621,75.25,100,85,2.3,overcast clouds
459,Namatanai,PG,-3.6667,152.4333,84.58,71,90,9.01,overcast clouds
460,Tumut,AU,-35.3,148.2167,79.79,49,44,4.59,scattered clouds
461,Pital,CO,2.2665,-75.8044,69.8,86,93,2.28,overcast clouds
462,Calawag,PH,10.6697,119.5707,80.24,75,69,15.39,broken clouds
463,Klaksvik,FO,62.2266,-6.589,45.52,74,32,29.48,scattered clouds
464,Nsanje,MW,-16.92,35.262,78.96,66,89,5.01,overcast clouds
465,Mastung,PK,29.7994,66.845,29.19,35,0,4.32,clear sky
466,Lukulu,ZM,-14.3707,23.242,65.32,91,100,3.87,light rain
467,Olafsvik,IS,64.8945,-23.7142,40.5,73,100,16.17,light rain
468,Oppdal,NO,62.5943,9.6912,32.29,89,100,8.77,light snow
469,Tumbes,PE,-3.5667,-80.4414,76.95,73,75,9.22,broken clouds
470,Nanakuli,US,21.3906,-158.1547,80.55,65,75,11.5,broken clouds
471,Hearst,CA,49.6835,-83.6665,23.25,84,100,7.83,overcast clouds
472,Havre-Saint-Pierre,CA,50.2334,-63.5986,27.19,58,1,18.41,clear sky
473,Mendi,PG,-6.1761,143.6513,66.63,74,94,3.47,overcast clouds
474,Derzhavinsk,KZ,51.1,66.3167,14.97,84,100,11.34,overcast clouds
475,Abu Samrah,SY,35.3029,37.1841,52.2,76,51,5.26,broken clouds
476,Altamira,BR,-3.2033,-52.2064,78.89,100,20,0.0,few clouds
477,Conceicao Do Araguaia,BR,-8.2578,-49.2647,77.45,86,86,2.15,overcast clouds
478,La Rioja,ES,42.25,-2.5,37.04,34,0,5.75,clear sky
479,Truro,GB,50.2653,-5.0544,53.96,93,75,10.36,broken clouds
480,Pires Do Rio,BR,-17.2997,-48.2794,70.14,93,100,4.14,overcast clouds
481,Longido,TZ,-2.7333,36.6833,64.45,91,53,10.22,broken clouds
482,Ntcheu,MW,-14.8203,34.6359,68.4,62,54,1.36,broken clouds
483,Asfi,MA,32.2994,-9.2372,61.56,60,100,5.73,overcast clouds
484,Xiamen,CN,24.4798,118.0819,66.25,72,75,2.24,broken clouds
485,Miguel Hidalgo,MX,19.4225,-99.2028,70.43,36,1,3.4,clear sky
486,Bauta,CU,22.9828,-82.5464,76.98,73,20,12.66,few clouds
487,Zhiryatino,RU,53.2228,33.7306,28.72,93,96,3.67,overcast clouds
488,Kikwit,CD,-5.041,18.8162,71.1,90,98,0.98,overcast clouds
489,Victor Harbor,AU,-35.5667,138.6167,73.72,69,98,1.99,overcast clouds
490,Gimli,CA,50.6336,-96.9907,33.82,80,94,12.66,overcast clouds
491,Biu,NG,10.6129,12.1946,67.28,21,22,7.29,few clouds
492,Dalianwan,CN,39.0286,121.695,46.72,93,40,6.71,fog
493,Tall Kayf,TR,37.0833,41.0667,51.55,30,88,12.44,overcast clouds
494,Pagudpud,PH,18.5616,120.7868,67.96,74,27,13.27,scattered clouds
495,Matamoros,MX,25.5333,-103.25,73.54,27,100,3.56,overcast clouds
496,Acarau,BR,-2.8856,-40.12,80.89,79,55,15.37,broken clouds
497,Seymchan,RU,62.8833,152.4333,-18.06,97,100,4.52,overcast clouds
498,Shingu,JP,33.7333,135.9833,50.99,65,1,4.56,clear sky
499,Esmeraldas,BR,-19.7625,-44.3139,72.64,92,97,3.29,overcast clouds
500,Black River,JM,18.0264,-77.8487,80.6,80,39,4.68,scattered clouds
501,Passo Fundo,BR,-28.2628,-52.4067,67.86,93,50,7.43,scattered clouds
502,Atar,MR,20.5169,-13.0499,69.26,20,3,5.08,clear sky
503,Opuwo,NA,-18.0607,13.84,71.08,36,54,4.32,broken clouds
504,Chino Valley,US,34.7575,-112.4538,54.61,53,75,13.0,broken clouds
505,Mulege,MX,26.8833,-111.9833,76.17,41,54,4.07,broken clouds
506,Chanasma,IN,23.7167,72.1167,58.75,35,0,7.18,clear sky
507,Colonial Park,US,40.3006,-76.8097,44.26,63,1,1.01,clear sky
508,Mercedes,AR,-34.6515,-59.4307,71.85,45,78,7.96,broken clouds
509,Yulara,AU,-25.2406,130.9889,76.84,61,40,8.05,scattered clouds
510,Lang Suan,TH,9.9456,99.0785,69.89,87,99,5.39,overcast clouds
511,Hengshan,CN,45.2,130.9167,10.02,89,56,5.66,broken clouds
512,Road Town,VG,18.4167,-64.6167,80.64,78,40,13.8,scattered clouds
513,Ponta Delgada,PT,37.7333,-25.6667,57.51,82,20,6.91,few clouds
514,Samba,IN,32.5667,75.1167,49.98,48,0,3.04,clear sky
515,Oistins,BB,13.0667,-59.5333,80.69,74,40,19.57,scattered clouds
516,Russell,US,32.3502,-85.1999,62.2,82,0,4.72,clear sky
517,Merrill,US,45.1805,-89.6835,37.81,87,75,10.36,broken clouds
518,San Jose,US,37.3394,-121.895,53.49,61,40,5.99,scattered clouds
519,Songea,TZ,-10.6833,35.65,62.91,80,25,4.99,scattered clouds
520,Kitami,JP,43.8031,143.8908,35.11,79,39,2.62,scattered clouds
521,Half Moon Bay,US,37.4636,-122.4286,53.15,71,40,1.99,scattered clouds
522,Ellensburg,US,46.9965,-120.5479,35.24,82,24,1.99,few clouds
523,Ozernovskiy,RU,51.5,156.5167,28.56,66,100,32.06,overcast clouds
524,Alta Floresta,BR,-9.8756,-56.0861,73.11,97,84,3.0,broken clouds
525,Tuatapere,NZ,-46.1333,167.6833,67.82,55,99,7.18,overcast clouds
526,Vangaindrano,MG,-23.35,47.6,72.19,86,52,3.02,broken clouds
527,Pueblo,US,38.2545,-104.6091,67.71,35,87,10.76,overcast clouds
528,Fairview,US,40.8126,-73.999,49.48,35,1,5.75,clear sky
529,Madisonville,US,37.3281,-87.4989,59.61,73,80,6.87,broken clouds
530,Sao Gabriel Da Cachoeira,BR,-0.1303,-67.0892,74.93,97,96,1.3,overcast clouds
531,Chengde,CN,40.9725,117.9361,22.89,53,2,2.48,clear sky
532,Palauig,PH,15.435,119.9045,79.3,58,30,3.98,scattered clouds
533,Dubti,ET,11.7361,41.0853,71.15,63,39,8.86,scattered clouds
534,Limbang,MY,4.75,115.0,80.91,92,75,2.06,light rain
535,Baykit,RU,61.67,96.37,-30.75,100,41,0.49,scattered clouds
536,Tessalit,ML,20.1986,1.0114,72.95,12,100,9.42,overcast clouds
537,Juba,SS,4.8517,31.5825,82.65,42,99,2.62,overcast clouds
538,Penzance,GB,50.1186,-5.5371,52.81,95,26,11.92,scattered clouds
539,Yelizovo,RU,53.1873,158.3805,32.14,47,75,8.95,broken clouds
540,Fenoarivo,MG,-18.933,47.4354,60.87,88,40,4.61,scattered clouds
541,Khorixas,NA,-20.3667,14.9667,70.43,30,53,6.42,broken clouds
542,Naze,JP,28.3667,129.4833,52.72,61,1,3.0,clear sky
543,Sondrio,IT,46.169,9.8692,41.34,71,97,9.64,overcast clouds
544,Ponnani,IN,10.767,75.9252,76.32,82,65,11.52,broken clouds
545,Novouzensk,RU,50.4592,48.1431,25.02,83,100,9.51,overcast clouds
546,Bozoum,CF,6.3193,16.3799,73.92,28,100,2.53,overcast clouds
547,Hualmay,PE,-11.0964,-77.6139,68.7,84,3,10.33,clear sky
548,Tchaourou,BJ,8.8865,2.5975,78.48,22,47,2.82,scattered clouds
549,Sept-Iles,CA,50.2001,-66.3821,23.52,71,20,8.01,few clouds
550,Da Nang,VN,16.0678,108.2208,69.78,94,75,0.0,mist
551,Kavieng,PG,-2.5744,150.7967,83.97,76,97,13.82,moderate rain
552,Baghmara,IN,23.795,86.2085,57.43,47,67,5.03,broken clouds
553,Aurillac,FR,44.9167,2.45,42.01,70,25,4.12,scattered clouds
554,Hope,US,33.6671,-93.5916,71.65,90,71,8.88,broken clouds
555,Maralal,KE,1.0968,36.698,57.0,92,47,5.39,scattered clouds
556,Terrace,CA,54.5163,-128.6035,19.42,73,90,13.8,overcast clouds
557,Paris,FR,48.8534,2.3488,46.58,95,90,1.01,mist
558,Vestmannaeyjar,IS,63.4427,-20.2734,43.36,64,89,21.52,overcast clouds
559,Okhotsk,RU,59.3833,143.3,1.33,82,100,13.67,overcast clouds
560,The Valley,AI,18.217,-63.0578,80.46,88,40,10.36,scattered clouds
561,Rantepao,ID,-2.9701,119.8978,73.49,86,100,0.11,overcast clouds
562,Seddon,AU,-37.8068,144.8916,65.34,84,90,3.0,overcast clouds
563,Micheweni,TZ,-4.9667,39.8333,78.42,80,37,3.42,light rain
564,Tafresh,IR,34.692,50.013,36.75,54,98,3.56,overcast clouds
565,Puerto Escondido,MX,15.85,-97.0667,79.05,64,0,1.74,clear sky
566,Peruibe,BR,-24.32,-46.9983,73.04,98,100,2.77,overcast clouds
567,Ust-Maya,RU,60.4167,134.5333,-24.16,95,100,5.37,overcast clouds
568,Presidente Medici,BR,-11.1753,-61.9014,75.31,95,75,0.25,broken clouds
569,Bosobolo,CD,4.1833,19.9,77.74,37,99,1.97,overcast clouds
570,Shihezi,CN,44.3,86.0333,20.91,95,99,0.65,light snow
571,Sarangani,PH,5.4033,125.4636,82.13,72,98,8.46,overcast clouds
572,Myitkyina,MM,25.3833,97.4,54.39,79,36,2.01,scattered clouds
573,Ixtapa,MX,20.7,-105.2,78.22,87,73,4.0,broken clouds
574,Krasnaya Gora,RU,52.9995,31.6023,31.91,98,90,2.73,overcast clouds
575,Sobolevo,RU,54.4299,31.8996,20.5,99,87,5.39,overcast clouds
576,Bamako,ML,12.65,-8.0,73.81,38,96,5.75,overcast clouds
577,Wad Rawah,SD,15.1603,33.1397,76.26,30,80,10.11,broken clouds
578,Pokhara,NP,28.2333,83.9833,52.3,21,48,6.38,scattered clouds
579,Sibolga,ID,1.7427,98.7792,76.08,90,100,2.24,overcast clouds
580,Biltine,TD,14.5333,20.9167,73.62,29,62,9.57,broken clouds
581,Chulym,RU,55.0997,80.9572,-8.57,100,99,7.58,overcast clouds
582,Berdigestyakh,RU,62.0989,126.6992,-30.84,94,100,8.39,overcast clouds
583,Xining,CN,36.6167,101.7667,21.24,43,70,1.57,broken clouds
584,Esfahan,IR,32.6572,51.6776,28.04,34,90,2.73,overcast clouds
585,Harper,LR,4.375,-7.7169,79.63,85,100,6.42,overcast clouds
586,Assisi,IT,43.0691,12.6165,44.56,81,68,1.99,broken clouds
587,Mwene-Ditu,CD,-7.0,23.45,67.23,94,96,3.24,overcast clouds
588,Hofn,IS,64.2539,-15.2082,37.36,83,12,13.49,light rain
589,Lastoursville,GA,-0.8143,12.7287,74.25,96,98,0.76,overcast clouds
590,Prince Albert,CA,53.2001,-105.7677,19.35,93,90,4.61,light snow
591,San Martin,AR,-33.081,-68.4681,73.94,52,33,6.33,scattered clouds
592,Amahai,ID,-3.3333,128.9167,83.73,75,94,1.36,overcast clouds
593,Belmonte,BR,-15.8631,-38.8828,77.5,87,100,7.56,overcast clouds
594,La Union,PE,-5.4,-80.75,74.84,63,34,18.07,scattered clouds
595,Beringovskiy,RU,63.05,179.3167,17.42,94,100,31.94,snow
596,Katherine,AU,-14.4667,132.2667,88.12,58,59,11.5,broken clouds
597,Altamont,US,42.2068,-121.7372,30.04,76,20,0.0,few clouds
598,Koumac,NC,-20.5667,164.2833,80.01,55,52,14.38,broken clouds
599,Dutse,NG,11.7594,9.3392,65.86,15,49,8.14,scattered clouds
600,Juye,CN,35.3947,116.0883,39.74,64,30,4.09,scattered clouds
601,Yaan,NG,7.3833,8.5667,77.85,23,54,3.11,broken clouds
602,San Jeronimo,PE,-11.9472,-75.2829,45.03,95,62,5.17,broken clouds
603,Hondo,JP,32.45,130.2,44.55,64,24,5.1,few clouds
604,Raduzhnyy,RU,62.0961,77.475,1.35,95,100,11.99,light snow
605,Farmington,US,36.7281,-108.2187,45.28,76,1,16.11,clear sky
606,Nabire,ID,-3.3667,135.4833,83.46,63,100,3.15,overcast clouds
607,Bairiki,KI,1.3292,172.9752,87.8,66,75,5.75,broken clouds
608,Omsukchan,RU,62.5333,155.8,-18.22,95,100,5.68,overcast clouds
609,Mnogovershinnyy,RU,53.9353,139.9242,-2.92,88,87,14.97,overcast clouds
610,Ojinaga,MX,29.5667,-104.4167,76.15,27,1,5.75,clear sky
611,Waverly,US,42.7392,-84.6208,44.82,73,99,12.35,overcast clouds
612,Salinopolis,BR,-0.6136,-47.3561,80.4,82,47,11.59,scattered clouds
613,Springdale,US,36.1867,-94.1288,65.19,93,90,15.99,overcast clouds
614,Rockport,US,28.0206,-97.0544,76.05,93,1,3.0,mist
615,Camopi,GF,3.1655,-52.3158,71.71,98,100,1.9,overcast clouds
616,San Pedro,PH,14.35,121.0167,77.11,77,20,4.61,few clouds
617,Xai-Xai,MZ,-25.0519,33.6442,74.7,86,67,2.68,light rain
618,Oregon,US,44.0001,-120.5014,31.23,51,12,7.61,few clouds
619,Oussouye,SN,12.485,-16.5469,75.38,62,100,5.75,overcast clouds
620,Aykhal,RU,66.0,111.5,-13.59,100,99,4.32,overcast clouds
621,Canon City,US,38.441,-105.2424,65.32,25,1,17.27,clear sky
622,Husavik,IS,66.0449,-17.3389,37.31,80,100,10.18,overcast clouds
623,Emerald,AU,-23.5333,148.1667,89.98,44,90,5.75,overcast clouds
624,Tilichiki,RU,60.4667,166.1,5.99,93,100,15.37,overcast clouds
625,Surt,LY,31.2089,16.5887,60.55,73,78,12.86,broken clouds
626,Parkes,AU,-33.1333,148.1833,90.36,26,8,11.3,clear sky
627,Mount Gambier,AU,-37.8333,140.7667,62.51,63,90,12.66,overcast clouds
628,Magdagachi,RU,53.45,125.8,-16.71,69,0,6.31,clear sky
629,Pampa,US,35.5362,-100.9599,71.74,21,1,12.66,clear sky
630,Kiama,AU,-34.6833,150.8667,81.25,65,4,11.99,clear sky
631,Manzhouli,CN,49.6,117.4333,-1.14,97,59,5.57,broken clouds
632,Pitimbu,BR,-7.4706,-34.8086,81.19,75,80,10.16,broken clouds
633,Tautira,PF,-17.7333,-149.15,82.42,74,40,11.7,scattered clouds
634,Gornoye Loo,RU,43.7129,39.6049,46.18,62,96,4.56,overcast clouds
635,Naryan-Mar,RU,67.6713,53.087,18.05,97,98,6.11,overcast clouds
636,Kontagora,NG,10.3999,5.4695,71.8,17,55,5.3,broken clouds
637,Tupik,RU,54.4253,119.9327,-19.86,100,98,1.86,overcast clouds
638,Manama,BH,26.2154,50.5832,67.98,87,75,3.44,broken clouds
639,Antalaha,MG,-14.9003,50.2788,72.05,90,8,6.33,clear sky
640,Malinyi,TZ,-8.9333,36.1333,71.69,81,57,1.43,broken clouds
641,Kijang,KR,35.2442,129.2139,31.73,61,3,6.04,clear sky
642,Almaznyy,RU,48.0448,40.045,35.74,98,100,9.55,overcast clouds
643,Tlapacoyan,MX,19.9667,-97.2167,68.45,97,40,1.21,scattered clouds
644,Yar-Sale,RU,66.8333,70.8333,4.48,97,97,4.99,overcast clouds
645,Zyukayka,RU,58.2025,54.7003,13.44,97,83,6.04,broken clouds
646,Charlestown,AU,-32.95,151.6667,85.21,44,0,1.99,light rain
647,Walvis Bay,NA,-22.9575,14.5053,60.1,82,0,4.61,clear sky
648,Pimentel,PE,-6.8367,-79.9342,68.29,77,75,18.41,broken clouds
649,Lubao,PH,14.9167,120.55,77.07,69,61,8.01,broken clouds
650,Buala,SB,-8.145,159.5921,84.45,80,98,11.92,light rain
651,Flin Flon,CA,54.7682,-101.865,19.24,93,90,4.61,mist
652,Bakchar,RU,57.0186,82.0711,-16.51,99,28,5.5,scattered clouds
653,Sinfra,CI,6.6167,-5.9167,73.83,90,82,3.74,broken clouds
654,Mecca,SA,21.4267,39.8261,72.03,66,90,4.16,overcast clouds
655,San Nicolas,PH,18.1725,120.5953,79.95,83,75,3.44,broken clouds
656,Lukovetskiy,RU,64.2956,41.9211,30.18,96,100,9.33,light snow
657,Vaitape,PF,-16.5167,-151.75,82.0,70,30,13.51,scattered clouds
658,Chimore,BO,-16.9833,-65.1333,73.42,96,100,1.86,moderate rain
659,Bereznehuvate,UA,47.3078,32.8499,38.14,82,100,12.1,overcast clouds
660,Berlevag,NO,70.8578,29.0864,27.88,83,85,15.23,overcast clouds
661,Yaqui,MX,27.3667,-110.1667,79.09,30,11,10.27,few clouds
662,Carutapera,BR,-1.195,-46.02,78.6,86,27,6.96,scattered clouds
663,Yashkul,RU,46.1711,45.3435,43.72,80,100,20.87,light rain
664,Amapa,BR,1.0,-52.0,73.2,98,82,2.51,broken clouds
665,Madikeri,IN,12.4167,75.7333,60.31,91,97,5.26,overcast clouds
666,Alamos,MX,27.0167,-108.9333,79.72,27,17,4.07,few clouds
667,Leova,MD,46.4786,28.2553,36.39,85,100,14.05,overcast clouds
668,Vanimo,PG,-2.6741,141.3028,80.31,82,100,3.51,moderate rain
669,Mehran,IR,33.1222,46.1646,63.88,28,100,9.53,overcast clouds
670,Samarai,PG,-10.6167,150.6667,84.67,67,97,8.86,overcast clouds
671,Roma,US,43.2128,-75.4557,37.26,71,50,1.01,scattered clouds
672,Jijiga,ET,9.35,42.8,59.7,66,94,1.43,overcast clouds
673,Brae,GB,60.3964,-1.353,49.91,89,100,16.75,overcast clouds
674,Shenxian,CN,36.2411,115.6672,39.06,70,9,3.24,clear sky
675,Kamaishi,JP,39.2667,141.8833,34.75,72,37,8.1,scattered clouds
676,Olinda,BR,-8.0089,-34.8553,82.13,74,40,6.91,scattered clouds
677,Gelemso,ET,8.8167,40.5167,58.71,67,86,1.07,overcast clouds
678,Evensk,RU,61.95,159.2333,4.69,73,99,17.83,overcast clouds
679,Neiafu,TO,-18.65,-173.9833,84.88,74,40,8.05,scattered clouds
680,Grand Forks,US,47.9417,-97.4337,35.53,89,53,14.97,broken clouds
681,Ramganj,BD,23.1,90.85,59.76,76,72,4.94,broken clouds
682,Adre,TD,13.4667,22.2,70.61,30,81,10.16,broken clouds
683,Libreville,GA,0.3925,9.4537,77.02,94,40,3.44,scattered clouds
